Student_ID,Study_Hours,Attendance,Previous_Marks,Assignments,Internal_Marks,Final_Result
1,6,79,75,43,78,Pass
2,3,84,43,100,73,Pass
3,4,71,46,81,43,Pass
4,6,68,68,66,32,Pass
5,2,90,38,58,91,Pass
6,4,97,35,96,93,Pass
7,4,42,52,44,74,Pass
8,6,95,88,76,87,Pass
9,1,79,75,75,49,Pass
10,2,73,67,81,87,Pass
11,6,79,43,48,86,Pass
12,2,66,91,50,97,Pass
13,2,52,64,93,81,Pass
14,4,84,48,66,66,Pass
15,3,72,59,56,37,Fail
16,2,45,54,84,73,Pass
17,5,63,69,58,34,Pass
18,4,58,43,49,98,Pass
19,1,55,55,54,60,Pass
20,3,79,51,99,74,Pass
21,5,67,77,92,38,Pass
22,5,72,80,65,61,Pass
23,1,98,32,31,62,Fail
24,3,98,71,51,96,Pass
25,4,87,48,45,59,Pass
26,0,80,57,47,58,Pass
27,3,52,74,98,32,Pass
28,1,82,100,83,86,Pass
29,5,84,92,59,59,Pass
30,4,64,48,74,38,Fail
31,3,92,76,48,55,Pass
32,0,81,43,63,31,Fail
33,0,75,67,42,91,Pass
34,2,66,82,72,32,Pass
35,2,77,90,91,75,Pass
36,6,99,65,51,97,Pass
37,1,46,69,81,54,Pass
38,3,44,59,81,80,Pass
39,3,82,38,65,42,Fail
40,6,84,93,48,73,Pass
41,5,97,62,67,64,Pass
42,5,96,81,99,84,Pass
43,6,90,43,86,38,Fail
44,5,70,82,49,31,Pass
45,2,62,88,38,90,Pass
46,3,81,70,61,70,Pass
47,6,49,97,33,73,Pass
48,3,71,97,79,93,Pass
49,0,82,37,34,60,Fail
50,2,92,31,49,76,Pass
51,4,69,70,66,31,Pass
52,2,78,84,51,98,Pass
53,6,70,45,87,87,Pass
54,4,57,91,97,73,Pass
55,0,75,77,73,85,Pass
56,6,41,59,63,72,Pass
57,1,53,41,71,63,Pass
58,3,52,64,38,59,Pass
59,0,68,40,36,100,Pass
60,3,51,93,97,99,Pass
61,5,78,79,48,84,Pass
62,1,41,50,60,96,Pass
63,1,71,98,64,42,Pass
64,0,52,77,86,32,Pass
65,1,85,49,90,55,Pass
66,4,66,96,60,86,Pass
67,1,88,73,82,53,Pass
68,3,80,62,61,82,Pass
69,3,56,90,95,99,Pass
70,6,79,38,88,72,Pass
71,3,70,97,39,89,Pass
72,6,73,64,31,87,Pass
73,3,99,94,95,78,Pass
74,4,63,37,89,71,Pass
75,6,84,74,46,95,Pass
76,2,74,76,45,40,Pass
77,5,87,69,45,47,Pass
78,0,45,83,75,81,Pass
79,3,58,75,68,75,Pass
80,1,69,76,60,73,Pass
81,3,46,44,30,51,Fail
82,1,49,48,40,82,Pass
83,5,80,55,33,88,Pass
84,5,71,81,100,59,Pass
85,5,73,51,55,37,Fail
86,1,67,50,79,86,Pass
87,3,99,80,41,49,Pass
88,5,54,67,94,54,Pass
89,4,69,49,76,48,Pass
90,6,76,58,82,34,Pass
91,1,68,80,100,56,Pass
92,1,61,33,31,69,Fail
93,3,43,84,53,55,Pass
94,1,59,100,33,56,Pass
95,1,71,57,48,91,Pass
96,5,75,33,55,79,Pass
97,3,89,51,69,71,Pass
98,5,43,74,79,58,Pass
99,6,66,96,72,68,Pass
100,6,56,95,96,89,Pass
101,5,51,63,41,70,Pass
102,6,61,84,96,62,Pass
103,3,56,30,56,45,Fail
104,0,49,67,83,52,Pass
105,5,93,35,95,36,Fail
106,4,40,54,78,55,Pass
107,4,61,46,45,41,Fail
108,1,65,90,31,34,Pass
109,6,95,41,89,98,Pass
110,4,98,35,83,78,Pass
111,1,57,56,59,55,Pass
112,0,89,37,67,34,Fail
113,3,53,94,57,51,Pass
114,3,86,86,54,42,Pass
115,3,68,69,39,57,Pass
116,4,51,43,89,62,Pass
117,0,75,64,71,52,Pass
118,4,98,77,69,47,Pass
119,6,74,85,71,59,Pass
120,4,91,78,76,55,Pass
121,0,100,42,66,45,Fail
122,0,51,90,51,68,Pass
123,6,46,78,86,62,Pass
124,0,68,75,56,55,Pass
125,0,50,91,70,77,Pass
126,3,72,37,63,94,Pass
127,6,45,72,61,67,Pass
128,2,86,49,95,31,Pass
129,2,54,68,41,35,Fail
130,0,71,78,69,75,Pass
131,2,90,93,39,79,Pass
132,2,50,91,77,67,Pass
133,0,97,83,49,47,Pass
134,2,62,38,68,56,Pass
135,4,65,66,89,70,Pass
136,1,73,78,95,46,Pass
137,6,85,70,94,91,Pass
138,1,73,46,80,58,Pass
139,0,68,50,65,87,Pass
140,3,43,80,53,99,Pass
141,6,56,88,56,51,Pass
142,0,74,68,31,35,Fail
143,3,52,84,60,55,Pass
144,1,80,70,86,68,Pass
145,0,78,68,95,41,Pass
146,6,54,42,58,43,Fail
147,6,94,93,44,51,Pass
148,5,68,40,41,80,Pass
149,4,68,48,57,52,Pass
150,2,50,40,53,77,Pass
151,3,91,75,50,100,Pass
152,5,71,74,39,79,Pass
153,2,41,30,47,42,Fail
154,2,86,69,43,39,Pass
155,0,53,48,63,84,Pass
156,2,59,90,87,38,Pass
157,4,61,41,51,81,Pass
158,6,50,90,99,31,Pass
159,5,66,62,65,54,Pass
160,2,42,74,74,42,Pass
161,0,56,98,65,80,Pass
162,4,83,37,51,87,Pass
163,1,95,54,90,63,Pass
164,6,67,75,85,64,Pass
165,6,68,59,62,32,Fail
166,5,60,76,74,88,Pass
167,6,86,78,65,99,Pass
168,2,55,76,49,77,Pass
169,0,76,47,47,93,Pass
170,6,98,95,67,48,Pass
171,6,59,97,96,96,Pass
172,1,45,62,52,34,Fail
173,1,58,65,45,96,Pass
174,3,96,48,88,40,Pass
175,4,44,57,98,97,Pass
176,2,42,69,97,98,Pass
177,6,98,44,50,30,Fail
178,6,40,70,99,92,Pass
179,0,97,68,41,58,Pass
180,3,99,31,45,41,Fail
181,4,77,92,43,70,Pass
182,3,54,58,90,31,Pass
183,5,73,95,100,66,Pass
184,4,100,80,75,74,Pass
185,6,74,39,61,77,Pass
186,6,88,43,44,53,Fail
187,4,64,80,73,51,Pass
188,6,63,68,46,40,Pass
189,2,51,57,70,87,Pass
190,4,57,32,83,75,Pass
191,3,54,99,73,58,Pass
192,4,83,56,34,64,Pass
193,6,55,31,56,44,Fail
194,2,66,67,72,89,Pass
195,2,47,32,60,71,Pass
196,5,99,45,46,72,Pass
197,3,85,69,83,78,Pass
198,1,64,31,91,93,Pass
199,1,56,70,61,61,Pass
200,4,68,41,69,93,Pass
201,5,92,64,42,31,Fail
202,0,47,94,64,53,Pass
203,4,54,84,34,95,Pass
204,5,66,74,58,67,Pass
205,3,85,91,99,60,Pass
206,3,89,78,54,55,Pass
207,3,91,54,51,58,Pass
208,3,46,52,95,96,Pass
209,3,42,53,74,54,Pass
210,5,68,67,98,77,Pass
211,5,83,57,30,94,Pass
212,2,92,50,73,82,Pass
213,1,63,83,68,96,Pass
214,6,99,47,83,47,Pass
215,3,97,65,58,38,Pass
216,0,42,74,83,67,Pass
217,6,59,82,45,50,Pass
218,5,85,59,49,94,Pass
219,0,54,89,75,50,Pass
220,0,64,61,96,56,Pass
221,0,69,96,94,99,Pass
222,2,53,96,87,73,Pass
223,5,46,57,82,57,Pass
224,0,56,73,30,74,Pass
225,3,83,70,95,46,Pass
226,4,59,92,58,69,Pass
227,0,75,52,99,32,Pass
228,2,48,77,37,95,Pass
229,6,77,61,58,75,Pass
230,5,87,86,80,59,Pass
231,2,96,62,62,98,Pass
232,0,99,53,32,38,Fail
233,5,61,68,89,40,Pass
234,4,93,63,64,98,Pass
235,0,92,85,98,95,Pass
236,2,92,57,49,60,Pass
237,1,41,66,68,62,Pass
238,3,63,36,33,68,Fail
239,6,47,97,48,75,Pass
240,2,50,66,74,66,Pass
241,5,52,85,72,89,Pass
242,0,56,94,42,60,Pass
243,3,47,94,42,40,Pass
244,0,60,76,89,31,Pass
245,5,57,49,86,56,Pass
246,0,69,48,81,31,Fail
247,1,57,58,82,50,Pass
248,3,85,89,72,87,Pass
249,3,86,47,71,34,Fail
250,5,70,64,55,81,Pass
251,6,77,72,52,74,Pass
252,1,71,40,72,49,Pass
253,2,50,78,57,90,Pass
254,0,84,67,38,67,Pass
255,4,64,93,49,49,Pass
256,0,72,98,85,54,Pass
257,0,99,37,68,31,Fail
258,2,77,63,80,61,Pass
259,0,80,77,41,55,Pass
260,1,47,85,84,99,Pass
261,1,50,94,40,70,Pass
262,3,61,60,55,96,Pass
263,5,90,33,71,30,Fail
264,6,63,79,56,80,Pass
265,4,80,98,40,34,Pass
266,0,56,59,67,42,Pass
267,0,51,88,72,48,Pass
268,2,96,96,48,41,Pass
269,5,85,74,93,77,Pass
270,1,71,33,35,54,Fail
271,4,54,55,75,86,Pass
272,3,55,56,71,64,Pass
273,1,93,75,94,34,Pass
274,5,61,93,88,51,Pass
275,6,67,80,81,86,Pass
276,3,59,79,76,76,Pass
277,6,72,35,36,83,Pass
278,2,49,88,40,32,Pass
279,2,79,44,90,82,Pass
280,0,71,59,97,60,Pass
281,6,89,71,54,98,Pass
282,5,99,66,41,62,Pass
283,4,72,71,55,79,Pass
284,3,41,64,41,45,Pass
285,1,72,35,72,68,Pass
286,5,72,97,80,75,Pass
287,5,80,47,66,76,Pass
288,2,52,58,75,73,Pass
289,6,69,88,82,38,Pass
290,0,72,76,42,79,Pass
291,0,52,46,83,89,Pass
292,3,91,51,86,44,Pass
293,2,65,97,33,65,Pass
294,5,61,98,78,92,Pass
295,4,78,66,36,98,Pass
296,2,41,78,40,70,Pass
297,3,77,42,83,53,Pass
298,3,78,63,74,78,Pass
299,2,65,82,52,47,Pass
300,3,85,80,57,36,Pass
301,2,97,32,86,33,Fail
302,1,89,71,55,98,Pass
303,2,54,61,54,89,Pass
304,6,73,80,83,84,Pass
305,2,81,75,58,45,Pass
306,3,94,50,65,58,Pass
307,6,83,73,43,52,Pass
308,3,88,40,64,43,Fail
309,0,79,97,59,78,Pass
310,0,50,30,46,62,Fail
311,6,100,92,96,54,Pass
312,1,42,53,59,50,Pass
313,0,98,42,74,46,Pass
314,2,45,40,80,52,Pass
315,3,48,80,76,86,Pass
316,0,45,46,82,87,Pass
317,0,48,53,93,43,Pass
318,1,78,48,67,49,Pass
319,6,70,66,93,59,Pass
320,6,71,37,36,48,Fail
321,5,80,57,51,82,Pass
322,1,89,34,70,85,Pass
323,2,51,46,39,52,Fail
324,6,47,65,86,91,Pass
325,3,47,48,36,62,Pass
326,1,89,93,79,47,Pass
327,0,67,40,81,62,Pass
328,3,59,83,62,61,Pass
329,3,86,74,30,90,Pass
330,0,98,76,82,83,Pass
331,1,46,41,89,46,Pass
332,0,50,50,63,48,Pass
333,5,59,40,33,99,Pass
334,3,55,34,46,63,Fail
335,4,43,85,33,54,Pass
336,4,45,49,72,97,Pass
337,2,97,70,33,40,Pass
338,6,61,75,30,45,Pass
339,0,65,41,100,90,Pass
340,0,42,99,79,36,Pass
341,2,80,46,90,45,Pass
342,2,99,48,64,45,Pass
343,2,81,55,37,69,Pass
344,3,53,77,53,41,Pass
345,5,50,81,65,64,Pass
346,0,57,99,79,50,Pass
347,3,93,84,72,79,Pass
348,2,51,62,56,72,Pass
349,0,62,91,61,46,Pass
350,3,51,52,47,61,Pass
351,5,52,44,57,70,Pass
352,3,64,56,58,35,Fail
353,5,84,93,45,56,Pass
354,2,90,80,76,49,Pass
355,5,97,82,88,54,Pass
356,0,58,80,60,95,Pass
357,2,94,76,33,38,Pass
358,0,85,33,66,82,Pass
359,4,75,36,46,90,Pass
360,1,84,64,68,67,Pass
361,5,47,77,77,32,Pass
362,1,68,74,75,99,Pass
363,1,94,48,77,84,Pass
364,5,92,92,68,30,Pass
365,2,94,67,33,99,Pass
366,4,71,96,59,74,Pass
367,0,90,88,59,76,Pass
368,3,83,98,51,55,Pass
369,0,57,42,95,43,Pass
370,3,45,76,41,83,Pass
371,0,57,90,65,100,Pass
372,5,58,60,47,75,Pass
373,4,61,51,82,60,Pass
374,3,76,72,100,88,Pass
375,6,71,96,30,58,Pass
376,2,95,83,87,46,Pass
377,0,80,39,35,43,Fail
378,0,98,71,99,65,Pass
379,3,42,93,73,87,Pass
380,2,67,50,53,53,Pass
381,2,49,95,48,92,Pass
382,5,90,70,47,54,Pass
383,6,74,53,59,88,Pass
384,5,100,64,71,61,Pass
385,5,68,85,62,47,Pass
386,5,93,59,41,66,Pass
387,5,54,86,56,55,Pass
388,5,72,76,68,38,Pass
389,4,46,64,38,93,Pass
390,2,51,48,50,49,Fail
391,5,88,37,58,83,Pass
392,2,69,55,62,59,Pass
393,2,60,100,91,82,Pass
394,1,70,59,44,92,Pass
395,4,97,36,31,40,Fail
396,5,100,96,81,60,Pass
397,0,63,94,73,78,Pass
398,3,59,65,83,48,Pass
399,6,76,54,47,41,Fail
400,0,43,66,32,44,Pass
401,4,67,30,36,60,Fail
402,3,83,44,72,72,Pass
403,4,59,66,67,66,Pass
404,2,99,42,66,58,Pass
405,3,63,37,87,55,Pass
406,2,89,34,62,31,Fail
407,0,88,89,88,44,Pass
408,0,90,30,40,33,Fail
409,3,71,65,97,79,Pass
410,3,80,64,97,67,Pass
411,5,75,95,51,52,Pass
412,4,97,92,95,88,Pass
413,5,92,52,73,57,Pass
414,4,73,38,35,95,Pass
415,5,75,63,71,37,Pass
416,2,41,75,54,58,Pass
417,3,54,33,86,40,Fail
418,0,73,59,84,47,Pass
419,4,75,32,45,84,Pass
420,4,45,43,43,79,Pass
421,0,78,89,68,43,Pass
422,5,81,74,57,38,Pass
423,4,90,63,80,40,Pass
424,6,90,74,78,92,Pass
425,2,97,90,38,96,Pass
426,3,93,45,87,82,Pass
427,0,100,95,74,68,Pass
428,3,51,69,51,85,Pass
429,6,42,46,61,57,Pass
430,4,84,63,98,68,Pass
431,4,57,45,98,54,Pass
432,6,79,89,71,50,Pass
433,0,60,95,82,39,Pass
434,2,54,95,88,72,Pass
435,1,72,42,68,44,Fail
436,0,74,85,44,77,Pass
437,1,65,60,100,50,Pass
438,6,47,63,58,89,Pass
439,5,75,68,32,79,Pass
440,1,87,96,39,52,Pass
441,2,69,37,58,42,Fail
442,5,62,84,64,98,Pass
443,1,81,56,35,33,Fail
444,6,83,82,41,38,Pass
445,5,53,68,67,64,Pass
446,6,53,94,48,50,Pass
447,1,41,46,96,87,Pass
448,6,94,59,37,47,Fail
449,2,76,82,37,72,Pass
450,1,44,42,76,35,Fail
451,1,77,50,33,96,Pass
452,1,84,48,80,41,Pass
453,0,80,82,96,41,Pass
454,0,93,48,74,95,Pass
455,0,99,86,37,31,Pass
456,2,100,54,45,44,Fail
457,5,86,60,96,52,Pass
458,6,53,84,38,58,Pass
459,4,95,52,89,36,Pass
460,1,78,61,100,57,Pass
461,6,64,91,44,43,Pass
462,1,59,39,100,73,Pass
463,2,41,83,70,59,Pass
464,1,78,81,51,61,Pass
465,0,45,49,53,99,Pass
466,4,56,61,73,35,Pass
467,3,98,43,30,56,Fail
468,1,64,79,39,53,Pass
469,6,96,57,85,63,Pass
470,0,67,82,79,69,Pass
471,3,41,53,41,76,Pass
472,4,74,51,89,53,Pass
473,3,76,59,55,94,Pass
474,0,44,92,70,47,Pass
475,5,40,33,65,73,Pass
476,5,79,88,52,86,Pass
477,3,51,37,72,57,Pass
478,2,95,41,35,100,Pass
479,6,75,60,98,52,Pass
480,6,84,63,72,63,Pass
481,3,62,78,54,40,Pass
482,1,86,86,47,64,Pass
483,1,70,55,91,71,Pass
484,6,50,47,42,57,Pass
485,6,49,67,72,53,Pass
486,5,42,79,57,37,Pass
487,2,93,37,47,82,Pass
488,0,53,70,88,33,Pass
489,1,55,35,89,34,Fail
490,6,49,98,92,78,Pass
491,5,68,73,86,59,Pass
492,4,49,93,80,92,Pass
493,5,51,58,85,76,Pass
494,1,69,57,56,55,Pass
495,1,80,40,61,86,Pass
496,5,40,94,38,66,Pass
497,0,44,48,97,36,Pass
498,3,59,38,75,69,Pass
499,1,47,56,96,68,Pass
500,5,82,63,55,91,Pass
501,6,51,73,37,82,Pass
502,5,40,97,35,33,Pass
503,2,96,44,53,54,Fail
504,3,93,80,77,36,Pass
505,4,59,42,74,57,Pass
506,0,67,78,42,98,Pass
507,4,96,99,98,96,Pass
508,3,82,85,54,49,Pass
509,3,76,80,49,40,Pass
510,3,86,66,95,96,Pass
511,4,76,46,74,36,Fail
512,6,51,87,76,52,Pass
513,3,76,58,92,90,Pass
514,5,88,62,84,100,Pass
515,4,88,89,48,63,Pass
516,3,95,84,64,48,Pass
517,5,83,39,82,87,Pass
518,6,95,76,55,38,Pass
519,2,67,52,43,77,Pass
520,6,86,50,74,70,Pass
521,3,54,42,73,77,Pass
522,4,45,62,94,74,Pass
523,1,83,53,80,54,Pass
524,3,98,40,72,54,Pass
525,1,100,46,52,48,Fail
526,5,59,97,85,68,Pass
527,2,89,76,48,56,Pass
528,0,53,54,84,92,Pass
529,6,41,50,89,97,Pass
530,2,48,41,88,48,Pass
531,3,76,66,62,57,Pass
532,1,59,71,48,62,Pass
533,6,65,46,57,39,Fail
534,1,68,77,81,59,Pass
535,4,40,57,78,51,Pass
536,1,94,70,66,32,Pass
537,4,74,76,55,77,Pass
538,5,45,47,69,31,Fail
539,6,76,100,67,83,Pass
540,6,92,42,83,35,Fail
541,0,98,42,51,69,Pass
542,3,44,60,45,31,Fail
543,4,72,31,57,31,Fail
544,0,88,45,64,84,Pass
545,1,90,38,89,89,Pass
546,1,53,67,74,35,Pass
547,0,51,83,75,48,Pass
548,6,81,85,84,56,Pass
549,1,59,74,55,30,Pass
550,5,92,63,54,62,Pass
551,5,89,38,94,69,Pass
552,0,63,37,35,61,Fail
553,4,98,36,52,98,Pass
554,4,82,65,93,46,Pass
555,0,73,47,72,37,Fail
556,4,64,32,52,86,Pass
557,6,89,57,59,71,Pass
558,6,68,99,47,38,Pass
559,4,96,73,50,64,Pass
560,5,78,50,86,100,Pass
561,4,70,57,52,82,Pass
562,6,95,83,74,83,Pass
563,2,86,83,73,54,Pass
564,3,82,94,76,96,Pass
565,1,89,50,69,91,Pass
566,2,62,42,80,84,Pass
567,4,83,86,71,75,Pass
568,5,77,78,36,53,Pass
569,0,59,83,79,75,Pass
570,4,62,39,77,51,Pass
571,5,84,82,35,40,Pass
572,3,91,73,38,77,Pass
573,4,55,76,86,37,Pass
574,6,89,82,60,68,Pass
575,0,81,75,50,64,Pass
576,5,99,42,69,78,Pass
577,5,94,66,74,75,Pass
578,5,47,53,78,67,Pass
579,3,89,31,49,37,Fail
580,4,60,43,46,83,Pass
581,3,40,39,57,66,Pass
582,1,94,64,70,69,Pass
583,1,47,54,95,63,Pass
584,4,68,32,54,46,Fail
585,6,71,46,87,62,Pass
586,3,77,41,70,76,Pass
587,0,44,83,35,81,Pass
588,5,86,53,67,38,Fail
589,5,61,58,35,62,Pass
590,4,86,72,74,89,Pass
591,6,73,54,43,50,Pass
592,1,40,89,95,87,Pass
593,1,94,94,69,98,Pass
594,5,94,57,32,39,Fail
595,4,65,45,53,35,Fail
596,3,82,76,48,42,Pass
597,1,49,87,47,94,Pass
598,3,69,56,93,49,Pass
599,6,89,82,64,86,Pass
600,1,57,71,91,75,Pass
601,1,56,88,30,37,Pass
602,2,65,76,54,39,Pass
603,1,47,63,74,96,Pass
604,0,86,66,78,40,Pass
605,4,79,35,45,41,Fail
606,4,88,36,48,39,Fail
607,3,51,54,52,54,Pass
608,6,66,62,54,78,Pass
609,1,47,84,45,78,Pass
610,0,64,87,83,40,Pass
611,3,85,36,30,91,Pass
612,2,43,86,71,65,Pass
613,3,72,41,48,68,Pass
614,3,40,45,63,82,Pass
615,1,58,72,84,85,Pass
616,2,70,36,47,30,Fail
617,3,55,80,63,85,Pass
618,0,53,61,74,33,Pass
619,0,92,37,35,59,Fail
620,4,87,74,50,41,Pass
621,2,44,88,99,64,Pass
622,2,80,33,77,81,Pass
623,4,65,96,68,60,Pass
624,3,67,58,60,97,Pass
625,2,41,58,39,81,Pass
626,0,89,57,59,36,Fail
627,0,45,73,47,51,Pass
628,1,48,33,89,85,Pass
629,2,72,38,44,87,Pass
630,3,80,34,33,93,Pass
631,4,64,85,92,41,Pass
632,4,87,79,69,36,Pass
633,3,52,44,38,84,Pass
634,6,48,61,38,91,Pass
635,5,92,57,55,84,Pass
636,1,52,51,33,65,Pass
637,4,70,46,45,53,Fail
638,2,80,88,44,73,Pass
639,1,50,100,81,46,Pass
640,2,43,86,98,31,Pass
641,6,73,55,34,42,Fail
642,0,100,54,49,60,Pass
643,1,77,39,47,57,Fail
644,4,85,74,31,89,Pass
645,1,43,40,42,56,Fail
646,1,77,82,33,44,Pass
647,1,58,97,71,62,Pass
648,5,45,57,90,49,Pass
649,1,73,94,37,71,Pass
650,2,57,78,96,41,Pass
651,0,52,76,92,52,Pass
652,6,80,81,38,43,Pass
653,3,62,83,40,54,Pass
654,1,58,89,71,60,Pass
655,4,84,86,42,83,Pass
656,1,50,76,65,34,Pass
657,4,40,60,42,42,Fail
658,2,63,75,41,57,Pass
659,4,93,55,66,72,Pass
660,3,46,34,81,76,Pass
661,0,64,81,100,100,Pass
662,4,60,83,31,67,Pass
663,4,54,62,85,96,Pass
664,0,40,79,89,91,Pass
665,3,51,67,52,68,Pass
666,1,97,56,69,66,Pass
667,4,46,44,93,37,Pass
668,0,54,90,52,81,Pass
669,2,60,50,58,62,Pass
670,0,58,75,80,71,Pass
671,2,99,98,98,56,Pass
672,3,68,35,60,37,Fail
673,1,64,67,79,52,Pass
674,0,72,91,49,93,Pass
675,6,88,91,84,49,Pass
676,6,71,75,31,45,Pass
677,5,88,42,54,46,Fail
678,4,74,32,42,48,Fail
679,3,83,35,99,37,Fail
680,0,77,37,96,67,Pass
681,6,65,73,87,67,Pass
682,4,50,62,93,82,Pass
683,6,74,79,98,60,Pass
684,0,47,40,88,73,Pass
685,2,85,57,89,89,Pass
686,0,53,99,91,46,Pass
687,5,49,70,45,68,Pass
688,0,41,45,97,71,Pass
689,0,85,97,44,77,Pass
690,5,48,77,84,41,Pass
691,3,42,85,64,47,Pass
692,0,60,93,84,35,Pass
693,5,65,88,43,72,Pass
694,4,47,91,78,64,Pass
695,2,87,40,36,83,Pass
696,2,41,47,59,91,Pass
697,0,45,48,78,98,Pass
698,3,67,84,45,45,Pass
699,3,92,55,80,37,Pass
700,4,68,35,71,60,Pass
701,0,65,33,46,39,Fail
702,2,64,58,92,85,Pass
703,3,51,88,74,99,Pass
704,0,44,46,36,49,Fail
705,6,73,72,56,34,Pass
706,3,87,95,39,52,Pass
707,5,76,63,63,38,Pass
708,6,54,37,65,87,Pass
709,3,83,42,54,88,Pass
710,2,75,37,35,83,Pass
711,1,54,94,53,75,Pass
712,6,82,72,47,51,Pass
713,4,87,68,35,93,Pass
714,4,62,88,58,37,Pass
715,2,45,73,54,49,Pass
716,3,85,38,84,80,Pass
717,0,89,66,75,68,Pass
718,3,83,65,53,66,Pass
719,2,98,57,55,79,Pass
720,4,82,71,57,63,Pass
721,3,84,72,32,62,Pass
722,4,60,71,67,60,Pass
723,6,62,95,90,83,Pass
724,0,82,84,80,73,Pass
725,6,94,77,77,63,Pass
726,4,55,51,50,100,Pass
727,4,86,56,83,91,Pass
728,1,92,96,85,52,Pass
729,1,99,42,88,75,Pass
730,6,54,74,80,85,Pass
731,5,64,39,49,36,Fail
732,6,75,38,88,90,Pass
733,1,50,83,100,32,Pass
734,4,90,56,38,67,Pass
735,2,54,63,30,63,Pass
736,6,43,30,58,73,Pass
737,4,60,61,92,59,Pass
738,2,52,100,85,46,Pass
739,2,61,96,97,88,Pass
740,1,58,49,64,39,Fail
741,6,73,64,32,47,Pass
742,3,53,46,36,74,Pass
743,0,100,47,56,88,Pass
744,1,43,74,30,91,Pass
745,1,87,82,100,88,Pass
746,3,92,97,73,78,Pass
747,0,91,94,70,92,Pass
748,4,85,30,71,61,Pass
749,5,66,87,62,39,Pass
750,6,68,55,79,40,Pass
751,5,86,49,92,99,Pass
752,4,67,39,66,91,Pass
753,1,74,88,88,76,Pass
754,0,47,70,77,63,Pass
755,1,55,34,34,46,Fail
756,2,81,94,77,83,Pass
757,1,75,46,32,69,Pass
758,1,69,51,76,48,Pass
759,4,57,70,91,96,Pass
760,4,41,97,43,82,Pass
761,4,88,98,92,93,Pass
762,5,52,40,90,76,Pass
763,2,43,85,60,35,Pass
764,4,65,80,46,45,Pass
765,0,64,50,53,47,Fail
766,5,69,55,52,81,Pass
767,3,50,48,79,77,Pass
768,0,46,89,99,72,Pass
769,6,70,100,56,68,Pass
770,6,83,76,44,78,Pass
771,0,49,100,79,41,Pass
772,4,78,55,65,39,Pass
773,3,52,69,37,100,Pass
774,3,70,34,32,84,Pass
775,5,46,50,91,30,Pass
776,3,95,33,76,78,Pass
777,6,88,52,90,65,Pass
778,2,81,44,61,50,Fail
779,4,100,37,42,66,Fail
780,3,81,70,30,53,Pass
781,5,95,48,63,84,Pass
782,6,75,75,91,54,Pass
783,2,59,57,100,36,Pass
784,1,43,97,60,100,Pass
785,1,93,44,93,100,Pass
786,2,46,66,54,53,Pass
787,6,93,30,67,40,Fail
788,5,40,96,43,41,Pass
789,2,83,53,37,64,Pass
790,4,95,56,83,92,Pass
791,4,84,69,31,97,Pass
792,1,81,92,85,86,Pass
793,3,86,90,90,42,Pass
794,5,98,65,51,52,Pass
795,1,52,53,64,68,Pass
796,3,94,53,45,41,Fail
797,3,61,33,79,63,Pass
798,4,93,96,72,100,Pass
799,6,60,63,46,60,Pass
800,0,61,86,87,91,Pass
801,6,67,78,31,42,Pass
802,0,48,82,33,60,Pass
803,2,65,52,68,31,Fail
804,4,48,98,35,44,Pass
805,3,54,82,98,86,Pass
806,5,49,91,98,63,Pass
807,0,63,70,49,97,Pass
808,6,97,86,93,58,Pass
809,3,96,89,45,95,Pass
810,0,100,83,80,45,Pass
811,0,81,99,66,68,Pass
812,0,47,86,98,66,Pass
813,5,63,39,71,50,Fail
814,4,55,69,86,73,Pass
815,5,88,36,95,48,Pass
816,1,65,67,38,100,Pass
817,3,66,90,93,37,Pass
818,4,76,32,51,95,Pass
819,4,43,80,63,70,Pass
820,4,89,76,84,99,Pass
821,6,63,97,58,90,Pass
822,4,58,67,67,55,Pass
823,5,75,65,47,100,Pass
824,4,99,70,100,99,Pass
825,2,78,98,94,58,Pass
826,3,49,42,30,95,Pass
827,4,64,87,33,48,Pass
828,3,57,79,33,97,Pass
829,2,58,59,56,87,Pass
830,2,75,91,72,99,Pass
831,3,49,54,88,86,Pass
832,0,72,56,61,66,Pass
833,1,94,80,62,90,Pass
834,6,89,86,57,59,Pass
835,0,44,76,84,100,Pass
836,0,86,68,89,54,Pass
837,5,88,45,99,94,Pass
838,6,74,51,91,35,Pass
839,6,83,83,63,47,Pass
840,0,73,50,85,39,Pass
841,4,72,45,42,40,Fail
842,5,94,88,85,94,Pass
843,5,60,60,47,94,Pass
844,2,56,71,83,81,Pass
845,6,61,61,72,96,Pass
846,0,87,88,68,60,Pass
847,2,76,63,90,46,Pass
848,3,54,38,71,84,Pass
849,1,74,40,47,65,Pass
850,5,67,39,52,55,Fail
851,3,46,46,83,82,Pass
852,3,71,97,59,46,Pass
853,4,50,77,87,54,Pass
854,1,49,81,97,31,Pass
855,3,48,54,96,34,Pass
856,3,53,50,100,33,Pass
857,1,52,94,47,65,Pass
858,1,100,92,36,35,Pass
859,3,96,80,69,50,Pass
860,1,64,65,99,55,Pass
861,3,41,95,94,84,Pass
862,3,74,44,97,68,Pass
863,4,46,68,78,62,Pass
864,0,60,99,81,43,Pass
865,3,57,30,58,85,Pass
866,2,42,52,50,50,Pass
867,5,81,68,38,75,Pass
868,6,93,86,76,45,Pass
869,0,100,63,71,45,Pass
870,0,78,70,80,58,Pass
871,0,80,42,85,37,Fail
872,4,88,99,80,32,Pass
873,3,50,35,99,48,Pass
874,4,78,81,49,95,Pass
875,3,63,32,56,51,Fail
876,4,99,92,67,75,Pass
877,4,85,78,94,42,Pass
878,5,58,76,83,62,Pass
879,2,43,84,53,34,Pass
880,4,65,93,76,56,Pass
881,5,77,94,100,53,Pass
882,1,81,96,92,96,Pass
883,2,71,44,86,92,Pass
884,4,78,61,84,77,Pass
885,6,84,97,89,92,Pass
886,0,85,47,91,41,Pass
887,1,75,72,59,57,Pass
888,1,79,64,51,73,Pass
889,5,76,87,58,72,Pass
890,1,72,62,70,46,Pass
891,2,75,43,71,69,Pass
892,4,42,63,94,78,Pass
893,4,48,90,60,86,Pass
894,6,47,33,59,93,Pass
895,0,72,88,47,86,Pass
896,5,98,58,46,99,Pass
897,0,45,35,67,72,Pass
898,1,80,78,43,52,Pass
899,6,78,69,85,56,Pass
900,0,43,94,51,87,Pass
901,2,52,98,96,66,Pass
902,4,88,56,85,35,Pass
903,1,99,35,48,94,Pass
904,6,41,42,86,35,Fail
905,0,99,93,73,79,Pass
906,5,44,91,64,51,Pass
907,2,83,48,30,54,Fail
908,2,66,72,81,80,Pass
909,0,71,49,99,77,Pass
910,4,60,97,66,99,Pass
911,0,47,73,94,94,Pass
912,1,77,52,80,89,Pass
913,0,47,31,30,75,Fail
914,2,89,51,50,65,Pass
915,6,42,86,82,87,Pass
916,0,93,36,45,67,Pass
917,4,83,85,90,40,Pass
918,6,100,96,83,41,Pass
919,5,97,45,69,71,Pass
920,3,42,80,55,68,Pass
921,0,61,41,94,100,Pass
922,4,45,82,93,40,Pass
923,6,41,34,72,65,Pass
924,4,62,56,46,81,Pass
925,5,83,41,88,60,Pass
926,2,41,46,52,62,Pass
927,4,77,35,36,42,Fail
928,6,56,34,73,47,Fail
929,4,74,86,82,70,Pass
930,4,73,57,100,87,Pass
931,4,62,98,63,85,Pass
932,1,69,88,75,53,Pass
933,1,91,62,97,60,Pass
934,2,47,91,45,84,Pass
935,0,61,79,100,39,Pass
936,4,83,48,48,89,Pass
937,5,97,98,31,31,Pass
938,0,75,95,39,44,Pass
939,5,44,76,79,32,Pass
940,0,52,68,41,72,Pass
941,2,68,97,99,60,Pass
942,4,70,62,51,99,Pass
943,4,86,42,61,96,Pass
944,3,96,83,30,85,Pass
945,5,94,36,83,92,Pass
946,0,55,43,87,44,Pass
947,0,81,48,99,39,Pass
948,1,69,83,47,67,Pass
949,3,96,49,35,76,Pass
950,6,94,58,74,86,Pass
951,6,55,53,52,79,Pass
952,1,51,92,52,100,Pass
953,1,56,86,55,44,Pass
954,1,55,37,36,47,Fail
955,5,51,91,73,31,Pass
956,5,47,58,56,72,Pass
957,2,59,46,55,55,Pass
958,2,42,95,65,100,Pass
959,1,55,35,84,67,Pass
960,3,69,87,93,71,Pass
961,0,84,98,86,34,Pass
962,5,62,57,98,40,Pass
963,3,67,91,90,94,Pass
964,4,90,70,31,63,Pass
965,5,79,98,84,30,Pass
966,5,93,70,67,31,Pass
967,2,44,78,58,49,Pass
968,0,59,78,55,90,Pass
969,0,79,100,64,50,Pass
970,6,95,32,96,97,Pass
971,6,83,39,58,41,Fail
972,6,40,64,63,51,Pass
973,6,96,31,70,49,Fail
974,4,69,53,70,30,Fail
975,4,60,67,52,59,Pass
976,5,59,51,100,53,Pass
977,1,45,55,32,43,Fail
978,2,61,72,87,65,Pass
979,2,57,84,61,98,Pass
980,6,47,68,60,53,Pass
981,5,78,58,72,89,Pass
982,3,71,49,36,84,Pass
983,1,72,70,30,53,Pass
984,5,92,83,90,53,Pass
985,1,55,49,43,83,Pass
986,1,51,48,81,55,Pass
987,1,77,95,35,95,Pass
988,5,91,59,39,67,Pass
989,6,73,82,100,94,Pass
990,2,100,63,59,80,Pass
991,2,53,51,50,64,Pass
992,6,75,96,89,72,Pass
993,1,72,35,92,58,Pass
994,3,62,56,71,66,Pass
995,0,89,39,80,87,Pass
996,5,84,77,93,83,Pass
997,0,41,99,85,68,Pass
998,6,80,88,70,71,Pass
999,3,60,88,61,57,Pass
1000,5,41,31,44,58,Fail
1001,6,66,58,91,72,Pass
1002,1,96,97,56,32,Pass
1003,2,48,94,57,39,Pass
1004,0,40,55,93,88,Pass
1005,4,50,39,88,43,Pass
1006,4,42,82,87,76,Pass
1007,3,91,88,31,71,Pass
1008,1,62,51,65,61,Pass
1009,0,65,80,100,61,Pass
1010,1,43,77,42,71,Pass
1011,0,57,50,44,61,Pass
1012,3,94,51,89,55,Pass
1013,3,45,59,51,30,Fail
1014,4,74,54,92,85,Pass
1015,1,61,57,54,31,Fail
1016,5,82,94,77,59,Pass
1017,4,54,74,72,100,Pass
1018,1,61,97,67,81,Pass
1019,4,99,36,70,38,Fail
1020,5,76,78,74,51,Pass
1021,2,91,38,69,63,Pass
1022,2,81,65,46,78,Pass
1023,2,51,30,86,30,Fail
1024,2,86,39,31,82,Pass
1025,6,88,65,91,69,Pass
1026,0,81,75,38,74,Pass
1027,6,77,61,97,97,Pass
1028,6,57,61,46,38,Fail
1029,6,84,35,79,51,Pass
1030,2,74,77,69,47,Pass
1031,5,69,67,87,72,Pass
1032,3,63,46,50,68,Pass
1033,3,81,56,47,35,Fail
1034,0,69,83,84,77,Pass
1035,2,53,79,58,36,Pass
1036,2,45,64,53,98,Pass
1037,2,42,54,46,45,Fail
1038,4,55,57,47,30,Fail
1039,1,46,44,71,66,Pass
1040,4,91,33,74,66,Pass
1041,1,53,56,46,93,Pass
1042,2,48,55,43,91,Pass
1043,2,54,48,78,90,Pass
1044,4,60,46,58,62,Pass
1045,4,74,72,33,95,Pass
1046,1,41,70,49,59,Pass
1047,3,66,71,76,49,Pass
1048,1,41,79,38,89,Pass
1049,4,74,69,56,53,Pass
1050,5,57,68,44,33,Fail
1051,4,53,52,48,66,Pass
1052,5,59,81,81,33,Pass
1053,0,57,76,55,47,Pass
1054,4,49,92,55,95,Pass
1055,0,64,98,55,77,Pass
1056,3,41,72,75,62,Pass
1057,1,64,77,78,87,Pass
1058,5,100,63,82,57,Pass
1059,1,93,69,32,64,Pass
1060,0,72,90,95,39,Pass
1061,5,75,79,71,94,Pass
1062,1,70,96,48,71,Pass
1063,4,53,91,46,38,Pass
1064,2,40,87,62,89,Pass
1065,0,85,62,78,44,Pass
1066,1,55,45,85,86,Pass
1067,0,93,77,92,98,Pass
1068,6,85,39,32,51,Fail
1069,0,100,67,78,93,Pass
1070,5,91,48,84,70,Pass
1071,6,42,65,55,100,Pass
1072,5,74,88,81,85,Pass
1073,2,80,92,36,52,Pass
1074,6,45,75,75,54,Pass
1075,4,64,32,75,35,Fail
1076,0,52,94,45,63,Pass
1077,1,92,37,53,92,Pass
1078,3,73,80,90,38,Pass
1079,0,47,35,83,89,Pass
1080,0,60,68,91,78,Pass
1081,2,73,89,30,80,Pass
1082,4,43,57,78,89,Pass
1083,3,64,83,54,99,Pass
1084,6,54,66,39,66,Pass
1085,6,43,38,45,60,Fail
1086,6,84,85,87,70,Pass
1087,5,99,88,58,91,Pass
1088,5,51,31,35,87,Pass
1089,1,71,90,45,43,Pass
1090,3,71,87,49,65,Pass
1091,6,67,89,100,65,Pass
1092,5,52,69,72,37,Pass
1093,1,70,65,55,55,Pass
1094,4,53,66,100,65,Pass
1095,1,59,47,62,77,Pass
1096,5,57,92,55,57,Pass
1097,2,68,51,74,97,Pass
1098,2,99,40,92,91,Pass
1099,6,45,87,96,80,Pass
1100,2,71,86,81,71,Pass
1101,6,68,33,97,58,Pass
1102,6,82,36,55,39,Fail
1103,5,41,90,31,68,Pass
1104,2,99,83,43,30,Pass
1105,6,62,97,59,68,Pass
1106,3,58,30,78,50,Fail
1107,4,70,84,41,94,Pass
1108,1,90,32,73,44,Fail
1109,1,44,67,62,33,Pass
1110,5,58,30,42,89,Pass
1111,2,73,67,55,90,Pass
1112,2,49,58,50,49,Pass
1113,6,64,34,57,39,Fail
1114,0,41,50,77,63,Pass
1115,6,50,100,69,77,Pass
1116,4,89,96,95,62,Pass
1117,3,100,76,52,90,Pass
1118,1,70,64,77,39,Pass
1119,6,95,97,31,83,Pass
1120,0,54,98,49,94,Pass
1121,0,48,30,88,30,Fail
1122,6,62,97,75,34,Pass
1123,5,58,41,32,44,Fail
1124,1,48,89,84,57,Pass
1125,5,74,56,41,52,Pass
1126,3,60,85,69,46,Pass
1127,0,48,52,95,42,Pass
1128,0,67,54,45,43,Fail
1129,4,85,50,63,40,Fail
1130,3,90,90,73,57,Pass
1131,0,46,92,35,71,Pass
1132,3,55,81,93,90,Pass
1133,1,55,54,51,93,Pass
1134,2,99,84,47,60,Pass
1135,0,72,75,41,39,Pass
1136,4,43,61,81,37,Pass
1137,1,43,84,80,50,Pass
1138,6,78,34,100,88,Pass
1139,3,79,65,77,79,Pass
1140,6,56,78,48,98,Pass
1141,5,76,87,35,99,Pass
1142,1,78,68,56,59,Pass
1143,6,99,90,82,46,Pass
1144,0,91,38,77,49,Pass
1145,3,68,35,36,77,Pass
1146,2,91,64,88,31,Pass
1147,1,75,68,98,66,Pass
1148,0,99,51,40,30,Fail
1149,4,77,70,44,33,Pass
1150,5,78,34,93,83,Pass
1151,3,89,71,32,54,Pass
1152,1,76,96,98,32,Pass
1153,1,91,59,52,38,Fail
1154,2,100,86,82,63,Pass
1155,2,74,58,66,72,Pass
1156,4,46,66,38,51,Pass
1157,5,66,42,44,99,Pass
1158,4,67,61,32,31,Fail
1159,0,61,75,99,95,Pass
1160,0,53,52,46,61,Pass
1161,4,46,74,55,45,Pass
1162,5,76,46,50,30,Fail
1163,4,100,95,50,77,Pass
1164,5,61,35,40,79,Pass
1165,5,44,47,67,42,Fail
1166,6,94,51,64,44,Pass
1167,3,41,62,43,82,Pass
1168,5,66,59,43,73,Pass
1169,2,60,61,39,37,Fail
1170,5,93,71,41,75,Pass
1171,5,77,39,67,98,Pass
1172,5,54,65,63,48,Pass
1173,6,60,63,70,67,Pass
1174,6,49,57,39,40,Fail
1175,0,62,40,46,72,Pass
1176,6,97,68,46,49,Pass
1177,2,95,76,96,49,Pass
1178,2,78,48,91,50,Pass
1179,6,44,44,30,86,Pass
1180,4,40,57,41,79,Pass
1181,3,52,53,33,55,Fail
1182,6,60,38,71,59,Pass
1183,5,65,76,42,60,Pass
1184,1,89,62,33,71,Pass
1185,3,84,91,98,97,Pass
1186,3,60,48,48,90,Pass
1187,2,92,96,31,90,Pass
1188,3,57,69,41,99,Pass
1189,6,76,76,35,97,Pass
1190,5,84,94,37,46,Pass
1191,5,71,58,80,48,Pass
1192,0,75,79,40,80,Pass
1193,5,56,42,92,99,Pass
1194,5,74,30,86,92,Pass
1195,2,88,63,41,59,Pass
1196,5,99,77,31,54,Pass
1197,0,50,77,37,100,Pass
1198,1,60,78,40,55,Pass
1199,6,91,93,82,85,Pass
1200,2,94,90,39,51,Pass
1201,1,92,58,37,48,Fail
1202,2,65,68,65,60,Pass
1203,4,43,55,43,55,Pass
1204,3,73,46,83,71,Pass
1205,4,91,100,50,70,Pass
1206,5,87,42,79,52,Pass
1207,1,99,98,68,76,Pass
1208,5,57,55,49,42,Fail
1209,3,79,78,36,95,Pass
1210,2,74,96,38,95,Pass
1211,3,80,36,30,45,Fail
1212,0,68,87,55,57,Pass
1213,3,91,78,67,64,Pass
1214,0,68,82,67,70,Pass
1215,3,77,94,90,60,Pass
1216,6,81,91,73,61,Pass
1217,0,60,46,73,83,Pass
1218,1,81,72,91,88,Pass
1219,5,52,54,35,70,Pass
1220,5,88,32,46,95,Pass
1221,4,80,58,80,83,Pass
1222,5,56,61,67,69,Pass
1223,2,95,55,53,57,Pass
1224,6,48,45,80,66,Pass
1225,3,80,54,39,94,Pass
1226,4,40,83,50,84,Pass
1227,2,41,57,99,33,Pass
1228,2,99,85,86,39,Pass
1229,0,87,94,68,76,Pass
1230,5,68,70,62,43,Pass
1231,1,72,80,88,67,Pass
1232,1,49,100,47,41,Pass
1233,4,89,58,85,74,Pass
1234,6,97,48,86,46,Pass
1235,1,99,95,77,64,Pass
1236,3,79,70,71,95,Pass
1237,1,60,74,56,70,Pass
1238,4,67,44,81,96,Pass
1239,1,50,32,71,58,Pass
1240,3,94,40,61,47,Fail
1241,0,73,82,55,49,Pass
1242,6,47,75,54,43,Pass
1243,4,98,59,52,63,Pass
1244,0,61,86,86,78,Pass
1245,0,47,47,81,83,Pass
1246,0,88,80,60,60,Pass
1247,2,54,77,93,87,Pass
1248,6,56,95,100,71,Pass
1249,5,99,37,62,87,Pass
1250,6,62,51,31,59,Pass
1251,2,63,35,47,54,Fail
1252,5,84,86,76,92,Pass
1253,6,58,65,62,48,Pass
1254,0,44,86,64,37,Pass
1255,4,71,78,80,32,Pass
1256,5,83,74,47,96,Pass
1257,3,40,95,59,46,Pass
1258,3,62,74,73,43,Pass
1259,1,76,49,82,38,Pass
1260,5,47,93,39,91,Pass
1261,4,52,96,81,50,Pass
1262,2,47,32,78,66,Pass
1263,0,96,83,40,40,Pass
1264,1,62,93,95,49,Pass
1265,3,82,69,87,64,Pass
1266,2,40,88,65,82,Pass
1267,2,84,84,62,76,Pass
1268,0,90,91,76,81,Pass
1269,5,63,33,42,37,Fail
1270,3,74,89,69,33,Pass
1271,4,63,59,97,56,Pass
1272,2,56,31,71,73,Pass
1273,0,44,91,48,69,Pass
1274,4,59,78,48,76,Pass
1275,5,60,38,87,73,Pass
1276,3,79,60,52,77,Pass
1277,5,97,90,83,81,Pass
1278,2,70,77,94,97,Pass
1279,4,85,54,41,40,Fail
1280,4,75,65,53,33,Fail
1281,4,50,37,63,77,Pass
1282,2,91,87,82,55,Pass
1283,2,54,74,37,68,Pass
1284,5,58,91,47,87,Pass
1285,1,46,68,86,48,Pass
1286,5,90,87,34,87,Pass
1287,3,67,93,55,57,Pass
1288,0,90,73,59,95,Pass
1289,4,82,58,83,39,Pass
1290,1,97,88,42,87,Pass
1291,0,44,100,58,43,Pass
1292,1,44,38,32,44,Fail
1293,6,69,35,87,62,Pass
1294,5,93,58,31,46,Fail
1295,2,71,87,57,53,Pass
1296,4,47,46,31,59,Fail
1297,5,49,45,36,91,Pass
1298,0,77,32,55,42,Fail
1299,6,86,50,45,91,Pass
1300,6,71,93,52,76,Pass
1301,6,87,65,69,45,Pass
1302,0,67,91,89,95,Pass
1303,0,56,71,61,72,Pass
1304,0,70,71,44,37,Pass
1305,0,47,90,42,32,Pass
1306,6,79,42,34,41,Fail
1307,6,64,40,81,45,Pass
1308,1,48,83,70,88,Pass
1309,5,41,45,82,78,Pass
1310,4,54,37,79,92,Pass
1311,2,89,88,44,91,Pass
1312,6,42,86,36,78,Pass
1313,2,88,69,69,80,Pass
1314,5,75,88,57,62,Pass
1315,5,43,31,61,59,Fail
1316,2,53,39,44,88,Pass
1317,6,80,73,99,44,Pass
1318,2,80,40,94,52,Pass
1319,1,64,31,33,74,Fail
1320,3,97,79,40,91,Pass
1321,6,94,41,55,100,Pass
1322,6,89,52,90,44,Pass
1323,4,49,47,66,75,Pass
1324,0,60,91,52,93,Pass
1325,3,75,91,69,75,Pass
1326,5,51,67,52,85,Pass
1327,6,66,96,45,73,Pass
1328,2,79,67,90,58,Pass
1329,3,41,96,97,91,Pass
1330,4,93,90,60,81,Pass
1331,5,52,30,82,83,Pass
1332,0,92,74,54,86,Pass
1333,0,71,57,73,95,Pass
1334,4,70,50,41,51,Fail
1335,4,55,42,38,49,Fail
1336,2,71,56,41,62,Pass
1337,6,71,36,98,54,Pass
1338,0,99,51,83,75,Pass
1339,5,73,82,83,86,Pass
1340,3,50,33,57,34,Fail
1341,5,49,52,85,84,Pass
1342,1,54,99,98,90,Pass
1343,1,56,62,87,37,Pass
1344,4,79,57,71,45,Pass
1345,2,57,37,67,77,Pass
1346,1,94,30,97,90,Pass
1347,0,48,66,82,44,Pass
1348,5,64,92,62,94,Pass
1349,5,79,51,100,51,Pass
1350,4,98,99,85,32,Pass
1351,6,53,50,80,83,Pass
1352,6,99,64,72,43,Pass
1353,3,97,34,44,65,Fail
1354,4,64,89,67,96,Pass
1355,3,89,75,44,39,Pass
1356,6,61,79,34,78,Pass
1357,4,91,77,83,94,Pass
1358,4,69,35,80,86,Pass
1359,4,59,85,39,56,Pass
1360,6,60,88,41,34,Pass
1361,3,83,58,33,100,Pass
1362,3,71,100,47,86,Pass
1363,4,90,47,65,44,Fail
1364,1,85,31,54,59,Fail
1365,2,88,37,65,49,Fail
1366,6,95,83,96,66,Pass
1367,2,60,67,38,32,Fail
1368,2,74,77,90,70,Pass
1369,3,97,56,82,68,Pass
1370,3,71,49,47,55,Pass
1371,1,69,41,72,31,Fail
1372,2,94,72,64,52,Pass
1373,2,78,90,92,52,Pass
1374,4,88,60,33,45,Fail
1375,3,51,90,70,38,Pass
1376,2,80,96,74,42,Pass
1377,5,86,64,79,57,Pass
1378,1,57,44,57,56,Pass
1379,5,60,45,71,80,Pass
1380,5,52,42,98,93,Pass
1381,6,60,64,30,81,Pass
1382,6,47,88,68,67,Pass
1383,1,85,50,46,94,Pass
1384,5,79,83,64,47,Pass
1385,2,85,59,75,92,Pass
1386,3,46,77,71,80,Pass
1387,1,62,64,68,38,Pass
1388,4,83,67,78,42,Pass
1389,5,71,60,91,69,Pass
1390,1,50,53,67,84,Pass
1391,0,61,78,52,72,Pass
1392,0,61,61,51,73,Pass
1393,6,82,84,33,97,Pass
1394,3,64,87,78,62,Pass
1395,2,61,32,88,53,Pass
1396,3,67,98,97,65,Pass
1397,3,68,39,100,39,Pass
1398,3,52,54,31,49,Fail
1399,3,57,97,78,41,Pass
1400,4,41,90,60,91,Pass
1401,4,68,58,69,47,Pass
1402,6,60,48,77,92,Pass
1403,1,54,72,80,54,Pass
1404,0,91,95,72,41,Pass
1405,3,66,90,84,50,Pass
1406,6,89,72,78,54,Pass
1407,1,70,54,86,40,Pass
1408,0,54,49,44,93,Pass
1409,5,90,77,56,79,Pass
1410,2,62,53,97,91,Pass
1411,4,63,40,93,78,Pass
1412,5,83,84,59,43,Pass
1413,0,52,57,65,30,Fail
1414,5,61,98,96,54,Pass
1415,2,82,92,78,88,Pass
1416,6,76,88,84,98,Pass
1417,0,100,34,85,34,Fail
1418,5,72,80,97,48,Pass
1419,4,95,50,73,52,Pass
1420,4,42,41,60,38,Fail
1421,1,93,79,87,79,Pass
1422,5,58,33,82,45,Fail
1423,3,62,71,52,62,Pass
1424,5,68,67,57,31,Pass
1425,6,69,54,45,43,Fail
1426,0,78,43,66,30,Fail
1427,0,83,61,50,87,Pass
1428,6,86,40,46,45,Fail
1429,5,64,90,66,76,Pass
1430,6,76,47,48,73,Pass
1431,2,86,56,59,43,Pass
1432,6,47,84,74,53,Pass
1433,4,81,83,47,84,Pass
1434,6,97,50,91,44,Pass
1435,0,55,73,65,63,Pass
1436,4,47,34,81,31,Fail
1437,0,40,70,48,56,Pass
1438,1,83,88,73,52,Pass
1439,3,44,83,36,97,Pass
1440,0,42,51,73,43,Pass
1441,4,40,94,97,92,Pass
1442,1,43,93,63,94,Pass
1443,0,79,100,95,97,Pass
1444,2,74,33,98,92,Pass
1445,6,71,94,84,93,Pass
1446,3,81,44,39,61,Fail
1447,0,73,51,71,42,Pass
1448,1,82,76,70,95,Pass
1449,2,64,75,98,48,Pass
1450,5,49,43,39,53,Fail
1451,1,60,79,39,40,Pass
1452,6,85,49,89,88,Pass
1453,1,78,79,80,44,Pass
1454,2,66,62,50,39,Pass
1455,1,66,88,37,70,Pass
1456,2,41,72,94,56,Pass
1457,0,80,41,59,89,Pass
1458,2,87,69,78,81,Pass
1459,2,52,49,38,57,Pass
1460,3,48,67,46,94,Pass
1461,2,91,32,98,46,Pass
1462,2,75,57,87,73,Pass
1463,5,61,85,86,39,Pass
1464,0,81,42,91,92,Pass
1465,6,65,95,81,76,Pass
1466,3,97,66,90,67,Pass
1467,5,93,78,69,99,Pass
1468,4,51,95,67,82,Pass
1469,0,56,65,72,73,Pass
1470,0,53,83,92,83,Pass
1471,4,53,55,48,49,Pass
1472,6,96,69,79,60,Pass
1473,2,73,72,62,36,Pass
1474,5,92,51,42,87,Pass
1475,1,96,49,91,39,Pass
1476,3,59,37,72,39,Fail
1477,1,50,58,78,68,Pass
1478,4,55,69,65,57,Pass
1479,0,90,59,39,59,Pass
1480,6,70,84,35,66,Pass
1481,0,94,45,86,96,Pass
1482,3,45,75,30,72,Pass
1483,0,95,91,100,81,Pass
1484,0,58,36,87,85,Pass
1485,3,76,74,50,97,Pass
1486,5,97,88,85,38,Pass
1487,5,43,85,49,52,Pass
1488,3,86,77,83,92,Pass
1489,6,100,56,54,90,Pass
1490,4,43,82,57,69,Pass
1491,0,59,64,34,73,Pass
1492,6,49,80,50,53,Pass
1493,0,63,66,47,80,Pass
1494,4,93,86,76,87,Pass
1495,5,74,37,99,62,Pass
1496,6,65,49,86,45,Pass
1497,2,76,82,48,51,Pass
1498,2,77,41,94,86,Pass
1499,2,60,78,32,91,Pass
1500,5,93,46,71,100,Pass
1501,5,79,93,50,99,Pass
1502,4,78,71,69,59,Pass
1503,0,60,58,96,52,Pass
1504,4,49,48,54,61,Pass
1505,4,77,40,84,86,Pass
1506,5,85,79,81,38,Pass
1507,2,43,100,73,60,Pass
1508,1,99,87,85,100,Pass
1509,0,96,63,84,38,Pass
1510,5,84,49,99,42,Pass
1511,2,59,79,95,87,Pass
1512,6,56,39,48,32,Fail
1513,1,94,61,36,64,Pass
1514,1,46,81,92,50,Pass
1515,5,43,44,71,93,Pass
1516,3,68,32,71,81,Pass
1517,0,53,66,88,63,Pass
1518,1,42,69,49,64,Pass
1519,5,63,69,46,44,Pass
1520,5,76,85,56,35,Pass
1521,2,55,52,76,61,Pass
1522,6,97,40,31,81,Pass
1523,3,94,93,92,57,Pass
1524,0,91,37,91,93,Pass
1525,4,43,85,48,48,Pass
1526,6,95,89,46,44,Pass
1527,6,63,39,98,35,Fail
1528,2,73,68,68,67,Pass
1529,1,69,57,100,55,Pass
1530,1,57,78,68,80,Pass
1531,2,58,65,65,82,Pass
1532,5,70,42,69,85,Pass
1533,1,99,65,74,88,Pass
1534,3,99,55,33,99,Pass
1535,0,58,33,54,87,Pass
1536,6,88,93,98,42,Pass
1537,6,85,67,59,72,Pass
1538,3,58,51,97,80,Pass
1539,1,61,31,58,48,Fail
1540,6,63,60,97,50,Pass
1541,4,84,40,80,53,Pass
1542,0,51,75,53,55,Pass
1543,0,69,91,43,74,Pass
1544,6,97,98,98,57,Pass
1545,2,77,93,47,58,Pass
1546,6,92,39,71,46,Fail
1547,2,70,69,86,97,Pass
1548,6,75,53,41,73,Pass
1549,4,58,73,46,90,Pass
1550,5,87,89,59,97,Pass
1551,0,84,91,52,54,Pass
1552,6,75,46,30,96,Pass
1553,4,69,94,61,31,Pass
1554,2,94,86,38,78,Pass
1555,2,88,84,44,99,Pass
1556,0,94,82,57,55,Pass
1557,3,72,85,53,56,Pass
1558,6,57,38,89,47,Pass
1559,1,91,51,64,83,Pass
1560,2,88,42,56,30,Fail
1561,5,98,77,49,90,Pass
1562,5,67,47,94,32,Pass
1563,2,98,69,78,97,Pass
1564,3,86,46,30,70,Pass
1565,3,50,44,39,66,Pass
1566,4,96,44,76,80,Pass
1567,5,99,92,88,44,Pass
1568,4,93,68,91,37,Pass
1569,5,84,42,47,67,Pass
1570,6,72,61,75,85,Pass
1571,6,56,38,61,76,Pass
1572,1,45,69,56,39,Pass
1573,6,43,49,47,78,Pass
1574,1,59,92,68,70,Pass
1575,6,87,73,78,59,Pass
1576,0,86,67,73,34,Pass
1577,6,66,89,83,100,Pass
1578,4,54,100,63,60,Pass
1579,2,45,77,100,81,Pass
1580,4,86,47,65,52,Pass
1581,2,53,45,47,77,Pass
1582,3,99,84,67,69,Pass
1583,4,50,68,88,35,Pass
1584,3,78,97,38,67,Pass
1585,1,48,88,80,70,Pass
1586,1,65,91,64,56,Pass
1587,0,55,42,34,98,Pass
1588,6,44,35,43,86,Pass
1589,4,96,89,59,46,Pass
1590,3,91,43,33,100,Pass
1591,2,100,83,68,76,Pass
1592,1,49,33,93,42,Fail
1593,6,89,68,54,40,Pass
1594,1,42,54,57,53,Pass
1595,2,52,61,95,33,Pass
1596,6,82,88,51,75,Pass
1597,6,88,92,60,47,Pass
1598,3,69,67,52,72,Pass
1599,3,93,82,77,62,Pass
1600,4,84,96,49,39,Pass
1601,4,45,57,67,88,Pass
1602,5,56,32,84,60,Pass
1603,5,98,51,97,57,Pass
1604,0,84,67,30,89,Pass
1605,1,90,91,36,32,Pass
1606,4,92,86,86,84,Pass
1607,3,58,35,41,43,Fail
1608,2,81,61,34,87,Pass
1609,3,74,39,79,44,Fail
1610,1,85,32,71,31,Fail
1611,5,65,88,41,53,Pass
1612,3,90,78,47,93,Pass
1613,0,44,88,95,100,Pass
1614,1,68,60,46,53,Pass
1615,5,76,98,97,56,Pass
1616,2,59,91,100,66,Pass
1617,5,88,81,91,68,Pass
1618,6,60,70,70,92,Pass
1619,0,49,60,63,55,Pass
1620,1,44,51,99,94,Pass
1621,2,75,33,74,33,Fail
1622,0,45,42,87,58,Pass
1623,5,65,74,80,30,Pass
1624,0,43,71,63,79,Pass
1625,1,78,78,73,40,Pass
1626,4,78,49,44,88,Pass
1627,0,89,83,99,91,Pass
1628,6,74,65,79,65,Pass
1629,0,40,30,61,85,Pass
1630,5,63,44,96,50,Pass
1631,5,96,46,32,42,Fail
1632,2,75,53,80,38,Pass
1633,5,45,87,96,40,Pass
1634,3,80,52,77,99,Pass
1635,1,93,75,46,30,Pass
1636,1,85,37,36,99,Pass
1637,4,99,88,42,85,Pass
1638,4,83,88,95,60,Pass
1639,1,99,42,33,66,Fail
1640,6,96,68,39,76,Pass
1641,4,70,57,46,76,Pass
1642,2,59,90,81,98,Pass
1643,5,63,45,35,87,Pass
1644,1,64,31,98,65,Pass
1645,4,75,46,38,61,Pass
1646,1,60,59,50,93,Pass
1647,3,69,42,53,100,Pass
1648,0,63,42,33,71,Pass
1649,5,83,72,53,77,Pass
1650,1,81,50,88,59,Pass
1651,0,69,84,32,50,Pass
1652,4,61,69,97,89,Pass
1653,0,67,44,69,42,Fail
1654,5,46,81,77,30,Pass
1655,1,74,82,83,94,Pass
1656,3,94,81,64,62,Pass
1657,6,67,59,85,67,Pass
1658,4,53,62,69,54,Pass
1659,1,95,86,97,55,Pass
1660,5,49,81,75,88,Pass
1661,4,55,38,42,62,Fail
1662,2,55,83,56,70,Pass
1663,0,93,30,35,59,Fail
1664,6,70,73,46,86,Pass
1665,5,81,38,65,78,Pass
1666,2,64,61,31,77,Pass
1667,1,52,44,81,78,Pass
1668,3,45,41,95,76,Pass
1669,4,83,86,81,85,Pass
1670,0,48,37,72,94,Pass
1671,4,84,56,51,41,Fail
1672,6,75,91,84,98,Pass
1673,1,95,41,96,35,Fail
1674,4,82,94,89,94,Pass
1675,0,59,71,87,54,Pass
1676,1,57,91,41,30,Pass
1677,4,97,40,98,61,Pass
1678,3,82,72,68,32,Pass
1679,5,96,46,42,78,Pass
1680,1,60,61,70,48,Pass
1681,5,43,69,86,89,Pass
1682,1,89,52,82,58,Pass
1683,3,72,85,41,79,Pass
1684,5,66,35,42,31,Fail
1685,2,46,79,86,85,Pass
1686,0,45,66,69,46,Pass
1687,2,54,93,74,89,Pass
1688,4,57,83,64,65,Pass
1689,3,71,78,32,90,Pass
1690,2,95,40,34,46,Fail
1691,1,50,78,40,78,Pass
1692,4,59,50,100,89,Pass
1693,4,63,95,85,49,Pass
1694,2,54,92,39,79,Pass
1695,2,87,57,63,32,Fail
1696,3,46,46,96,72,Pass
1697,0,60,35,60,86,Pass
1698,2,81,48,100,79,Pass
1699,6,65,85,95,97,Pass
1700,2,83,57,99,79,Pass
1701,5,95,95,70,66,Pass
1702,1,53,67,92,75,Pass
1703,6,96,66,61,71,Pass
1704,6,76,97,49,44,Pass
1705,5,97,78,86,62,Pass
1706,5,60,72,79,40,Pass
1707,4,57,65,54,49,Pass
1708,0,44,87,41,53,Pass
1709,1,42,42,100,93,Pass
1710,3,62,81,68,94,Pass
1711,6,65,87,46,46,Pass
1712,3,76,61,74,90,Pass
1713,2,63,89,40,44,Pass
1714,2,88,87,99,80,Pass
1715,3,58,85,52,56,Pass
1716,2,90,57,99,90,Pass
1717,0,64,30,67,87,Pass
1718,5,60,71,31,60,Pass
1719,2,51,77,66,41,Pass
1720,4,96,69,78,75,Pass
1721,2,100,92,81,60,Pass
1722,1,80,33,62,61,Pass
1723,0,72,67,51,61,Pass
1724,1,89,56,34,82,Pass
1725,1,92,38,47,90,Pass
1726,4,43,45,67,75,Pass
1727,0,81,85,66,36,Pass
1728,0,96,60,93,33,Pass
1729,0,46,43,39,81,Pass
1730,0,61,54,71,60,Pass
1731,0,94,63,77,65,Pass
1732,4,72,96,73,83,Pass
1733,2,56,53,45,83,Pass
1734,1,63,55,83,46,Pass
1735,0,100,49,64,59,Pass
1736,6,100,93,57,51,Pass
1737,2,73,39,31,72,Pass
1738,2,67,96,42,56,Pass
1739,1,97,53,70,66,Pass
1740,4,82,34,88,75,Pass
1741,3,80,96,98,64,Pass
1742,3,78,87,82,33,Pass
1743,2,61,56,74,55,Pass
1744,5,88,44,49,48,Fail
1745,5,56,64,53,74,Pass
1746,1,73,82,90,55,Pass
1747,3,45,73,87,51,Pass
1748,2,85,55,56,87,Pass
1749,4,45,76,55,92,Pass
1750,3,73,63,36,57,Pass
1751,2,40,79,71,94,Pass
1752,2,49,41,76,73,Pass
1753,0,60,33,82,72,Pass
1754,4,44,77,88,66,Pass
1755,0,41,84,67,95,Pass
1756,1,61,30,98,46,Pass
1757,0,87,95,82,69,Pass
1758,6,96,59,44,67,Pass
1759,0,41,32,55,90,Pass
1760,6,49,50,77,38,Pass
1761,3,73,78,48,90,Pass
1762,5,55,91,38,45,Pass
1763,2,87,67,93,31,Pass
1764,6,90,44,83,72,Pass
1765,4,100,81,80,71,Pass
1766,0,78,75,68,86,Pass
1767,6,61,54,33,96,Pass
1768,4,51,50,32,59,Pass
1769,5,63,34,93,42,Fail
1770,5,86,99,58,48,Pass
1771,0,79,76,40,36,Pass
1772,1,77,97,87,38,Pass
1773,0,99,47,56,83,Pass
1774,3,98,50,50,90,Pass
1775,6,49,52,68,31,Fail
1776,2,74,93,75,79,Pass
1777,1,90,96,95,60,Pass
1778,0,88,69,65,62,Pass
1779,4,71,39,94,40,Pass
1780,1,46,81,92,62,Pass
1781,6,60,90,64,36,Pass
1782,1,59,93,60,60,Pass
1783,6,65,34,57,77,Pass
1784,0,43,82,30,76,Pass
1785,6,85,84,54,82,Pass
1786,1,91,66,72,48,Pass
1787,4,61,85,96,35,Pass
1788,5,54,88,92,78,Pass
1789,1,95,98,80,79,Pass
1790,6,79,88,31,41,Pass
1791,5,60,31,93,52,Pass
1792,6,54,94,98,83,Pass
1793,4,61,89,38,98,Pass
1794,6,91,80,31,88,Pass
1795,0,67,59,63,65,Pass
1796,2,53,40,89,32,Fail
1797,1,66,68,90,87,Pass
1798,2,100,92,60,84,Pass
1799,6,80,93,39,86,Pass
1800,4,79,90,65,46,Pass
1801,1,97,83,78,68,Pass
1802,6,67,87,99,97,Pass
1803,5,65,85,78,84,Pass
1804,3,88,63,32,74,Pass
1805,6,41,60,34,30,Fail
1806,2,64,81,90,50,Pass
1807,1,95,30,55,50,Fail
1808,2,42,84,34,81,Pass
1809,1,47,51,44,72,Pass
1810,6,83,69,45,81,Pass
1811,0,72,30,30,96,Pass
1812,5,81,94,45,73,Pass
1813,6,91,92,66,61,Pass
1814,2,74,83,32,39,Pass
1815,3,45,71,81,93,Pass
1816,3,78,50,76,98,Pass
1817,4,91,51,42,97,Pass
1818,1,62,67,84,57,Pass
1819,2,64,37,50,82,Pass
1820,4,98,91,95,80,Pass
1821,2,89,76,83,82,Pass
1822,1,82,46,56,33,Fail
1823,6,58,46,67,46,Pass
1824,6,44,42,87,96,Pass
1825,3,90,46,91,76,Pass
1826,6,50,67,75,85,Pass
1827,6,95,74,40,52,Pass
1828,0,51,35,37,47,Fail
1829,3,49,64,100,30,Pass
1830,4,47,43,93,64,Pass
1831,5,63,90,50,93,Pass
1832,0,99,44,92,87,Pass
1833,4,67,83,93,88,Pass
1834,1,80,56,49,30,Fail
1835,0,75,42,37,32,Fail
1836,4,76,60,87,96,Pass
1837,1,60,64,75,66,Pass
1838,3,47,89,60,58,Pass
1839,5,94,35,38,62,Fail
1840,1,48,98,44,90,Pass
1841,6,86,87,55,33,Pass
1842,2,54,78,39,43,Pass
1843,1,87,52,58,62,Pass
1844,1,85,63,65,51,Pass
1845,5,79,55,66,77,Pass
1846,2,57,76,100,32,Pass
1847,6,81,34,52,52,Fail
1848,4,99,49,70,97,Pass
1849,4,59,35,57,50,Fail
1850,1,45,99,77,72,Pass
1851,2,51,88,67,55,Pass
1852,2,41,93,60,70,Pass
1853,6,46,47,43,67,Pass
1854,5,55,33,58,40,Fail
1855,3,42,46,80,58,Pass
1856,4,84,43,78,89,Pass
1857,5,42,42,72,96,Pass
1858,0,66,36,34,94,Pass
1859,4,89,73,71,90,Pass
1860,5,82,44,36,48,Fail
1861,4,79,48,71,75,Pass
1862,3,77,92,65,78,Pass
1863,0,72,64,56,51,Pass
1864,3,67,64,87,86,Pass
1865,6,40,48,75,43,Pass
1866,0,94,49,95,73,Pass
1867,1,47,64,54,45,Pass
1868,5,76,61,56,41,Pass
1869,0,71,77,30,84,Pass
1870,6,99,73,71,80,Pass
1871,6,87,53,81,68,Pass
1872,3,82,90,54,62,Pass
1873,4,76,46,83,62,Pass
1874,0,43,100,96,58,Pass
1875,5,69,79,35,98,Pass
1876,0,45,94,87,99,Pass
1877,2,85,61,99,60,Pass
1878,4,93,65,82,60,Pass
1879,5,58,42,95,75,Pass
1880,5,71,99,87,81,Pass
1881,1,48,87,31,39,Pass
1882,3,51,43,51,70,Pass
1883,1,50,66,66,32,Pass
1884,5,85,97,49,88,Pass
1885,4,94,69,53,81,Pass
1886,0,55,88,94,63,Pass
1887,0,40,45,94,78,Pass
1888,4,84,91,30,57,Pass
1889,5,94,33,32,42,Fail
1890,6,92,74,75,98,Pass
1891,0,60,57,84,96,Pass
1892,6,69,95,93,90,Pass
1893,0,52,60,74,89,Pass
1894,0,73,32,55,100,Pass
1895,3,43,37,94,53,Pass
1896,3,67,53,53,92,Pass
1897,2,77,44,64,90,Pass
1898,1,97,72,53,52,Pass
1899,4,70,60,57,59,Pass
1900,4,98,74,45,89,Pass
1901,4,94,95,88,47,Pass
1902,2,66,37,83,85,Pass
1903,3,44,100,45,82,Pass
1904,5,64,86,44,36,Pass
1905,6,42,59,40,98,Pass
1906,6,72,47,94,81,Pass
1907,5,43,98,97,33,Pass
1908,2,64,68,72,63,Pass
1909,5,59,89,98,98,Pass
1910,4,73,72,42,62,Pass
1911,1,65,74,39,98,Pass
1912,0,44,52,70,67,Pass
1913,6,74,98,79,55,Pass
1914,3,100,35,100,30,Fail
1915,3,67,85,88,33,Pass
1916,2,68,33,68,68,Pass
1917,3,48,52,32,83,Pass
1918,4,91,35,36,62,Fail
1919,6,77,61,78,62,Pass
1920,5,89,47,55,49,Fail
1921,4,45,44,62,45,Fail
1922,2,58,69,77,50,Pass
1923,4,99,35,31,74,Fail
1924,5,83,92,100,91,Pass
1925,1,96,96,61,60,Pass
1926,2,50,40,33,71,Pass
1927,1,41,72,49,41,Pass
1928,0,86,46,65,94,Pass
1929,1,83,33,61,32,Fail
1930,0,83,92,57,38,Pass
1931,0,48,97,30,80,Pass
1932,1,60,70,89,45,Pass
1933,2,63,34,85,32,Fail
1934,5,73,61,64,53,Pass
1935,4,61,99,59,42,Pass
1936,4,42,64,83,31,Pass
1937,5,51,51,65,100,Pass
1938,6,67,94,84,50,Pass
1939,6,69,51,87,48,Pass
1940,0,65,40,94,76,Pass
1941,0,87,32,98,51,Pass
1942,2,60,38,80,62,Pass
1943,3,67,89,51,61,Pass
1944,1,95,43,82,93,Pass
1945,0,65,47,65,68,Pass
1946,4,72,52,97,71,Pass
1947,2,60,76,65,38,Pass
1948,1,74,98,81,54,Pass
1949,2,91,76,82,31,Pass
1950,1,73,59,79,48,Pass
1951,1,80,54,70,49,Pass
1952,5,90,57,47,99,Pass
1953,0,86,54,51,46,Pass
1954,2,57,87,95,97,Pass
1955,2,97,70,50,32,Pass
1956,5,50,54,73,80,Pass
1957,4,96,77,76,55,Pass
1958,4,62,39,68,85,Pass
1959,6,87,40,58,93,Pass
1960,0,61,50,83,37,Pass
1961,0,56,74,46,66,Pass
1962,3,44,36,89,56,Pass
1963,5,83,93,60,74,Pass
1964,4,50,93,78,33,Pass
1965,1,69,31,31,66,Fail
1966,2,54,71,77,100,Pass
1967,0,66,83,43,62,Pass
1968,2,74,45,88,60,Pass
1969,2,72,47,87,84,Pass
1970,3,59,88,87,41,Pass
1971,4,100,45,80,40,Pass
1972,0,55,35,31,61,Fail
1973,2,73,86,70,86,Pass
1974,0,41,76,45,67,Pass
1975,1,74,77,33,89,Pass
1976,3,79,71,41,48,Pass
1977,1,95,89,58,85,Pass
1978,0,67,33,36,43,Fail
1979,6,86,31,43,62,Fail
1980,0,78,88,41,39,Pass
1981,4,45,56,34,93,Pass
1982,2,48,56,61,93,Pass
1983,2,59,36,72,91,Pass
1984,1,99,92,98,97,Pass
1985,3,40,75,74,72,Pass
1986,6,47,92,38,88,Pass
1987,5,94,41,78,81,Pass
1988,2,62,42,62,48,Fail
1989,4,42,72,47,50,Pass
1990,1,43,46,38,51,Fail
1991,1,97,92,91,38,Pass
1992,5,64,65,86,38,Pass
1993,4,86,37,58,56,Fail
1994,3,77,98,54,46,Pass
1995,4,54,65,44,73,Pass
1996,3,60,57,35,74,Pass
1997,4,74,76,71,37,Pass
1998,4,96,59,58,47,Pass
1999,0,92,52,33,62,Pass
2000,1,92,45,86,30,Fail
2001,6,75,70,80,60,Pass
4006,5,75,70,80,60,Pass
